model,test_mse,test_mae,test_rmse,test_r2,test_mape,val_mse,val_mae,val_rmse,val_r2,val_mape,cv_score_mean,cv_score_std
random_forest,526711205.71933544,12418.324524209585,22950.189666304184,-0.7299592419360557,28.856592970892947,279473.094624853,351.45295973114145,528.6521489834814,0.9561516439180259,5.767182403169117,-6474297.930963254,11971987.23251473
